{
    "domain": {
        "theme": "Thema",
        "free_busy": "Frei/Beschäftigt",
        "general_settings": "Allgemeine Einstellungen",
        "advanced": "Fortgeschritten"
    },
    "label": {
        "account": "Konto",
        "days": "Tage",
        "accounts": "Konten",
        "add": "Hinzufügen",
        "app_clicked": "Sie haben den Antrag auf Freigabe angenommen",
        "app_name": "Verwalten",
        "backup": "Backup",
        "cancel": "Abbrechen",
        "core": "Kern",
        "delete": "Löschen",
        "description": "Beschreibung",
        "discard_changes": "ÄNDERUNGEN VERWERFEN",
        "external": "Extern",
        "hours": "stunden",
        "mb": "MB",
        "minutes": "Minuten",
        "name": "Name",
        "not_set": "Nicht einstellen",
        "note": "Notizen",
        "notification": "Benachrichtigung",
        "of": "von",
        "page ": "Sie haben den Antrag auf Freigabe angenommen",
        "page_": "Sie haben den Antrag auf Freigabe angenommen",
        "privacy": "Privatssphäre",
        "remove": "Löschen",
        "save": "Speichern",
        "signature_required": "Unterschriftsangaben sind erforderlich.",
        "snackbar": {
            "share": {
                "accepted": "Sie haben den Antrag auf Freigabe angenommen"
            }
        },
        "status": "Status",
        "suspended": "Unterbrochen",
        "timezone": "Zeitzonen",
        "unlimited": "Unbegrenzt",
        "url": "URL",
        "active": "Aktiv",
        "available_space": "Verfügbarer Platz",
        "configuration": "Konfiguration"
    },
    "timezone": {
        "asia_yerevan": "{{value}} Eriwan",
        "atlantic_azores": "{{value}} Azoren",
        "atlantic_cape_verde": "{{value}} Kap Verde",
        "africa_algiers": "{{value}} Westliches Zentralafrika",
        "africa_cairo": "{{value}} Ägypten",
        "africa_casablanca": "{{value}} Casablanca",
        "africa_harare": "{{value}} Harare, Pretoria",
        "africa_monrovia": "{{value}} Monrovia",
        "africa_nairobi": "{{value}} Nairobi",
        "africa_windhoek": "{{value}} Namibia",
        "america_anchorage": "{{value}} Alaska",
        "america_argentina_buenos_aires": "{{value}} Argentinien",
        "america_asuncion": "{{value}} Asuncion",
        "america_bogota": "{{value}} Kolumbien",
        "america_caracas": "{{value}} Caracas",
        "america_cayenne": "{{value}} Cayenne, Fortaleza",
        "america_chicago": "{{value}} US/Kanada Zentral",
        "america_chihuahua": "{{value}} Chihuahua, La Paz, Mazatlan",
        "america_cuiaba": "{{value}} Cuiaba",
        "america_denver": "{{value}} US/Kanada Mountain",
        "america_guatemala": "{{value}} Mittelamerika",
        "america_guyana": "{{value}} Georgetown, La Paz, Manaus, San Juan",
        "america_halifax": "{{value}} Atlantische Zeit (Kanada)",
        "america_indiana_indianapolis": "{{value}} Indiana (Osten)",
        "america_los_angeles": "{{value}} US/Kanada Pazifik",
        "america_mexico_city": "{{value}} Guadalajara, Mexiko-Stadt, Monterrey",
        "america_montevideo": "{{value}} Montevideo",
        "america_new_york": "{{value}} US/Kanada Ost",
        "america_phoenix": "{{value}} Arizona",
        "america_regina": "{{value}} Saskatchewan",
        "america_santiago": "{{value}} Pazifisches Südamerika",
        "america_sao_paulo": "{{value}} Brasilia",
        "america_st_johns": "{{value}} Neufundland",
        "america_tijuana": "{{value}} Baja California",
        "asia_amman": "{{value}} Jordanien",
        "asia_baghdad": "{{value}} Irak",
        "asia_baku": "{{value}} Baku",
        "asia_bangkok": "{{value}} Bangkok, Hanoi, Jakarta",
        "asia_beirut": "{{value}} Beirut",
        "asia_chita": "{{value}} Tschita",
        "asia_colombo": "{{value}} Sri Jayawardenepura Kotte",
        "asia_damascus": "{{value}} Damaskus",
        "asia_dhaka": "{{value}} Dhaka",
        "asia_hong_kong": "{{value}} Peking, Chongqing, Hongkong, Urumqi",
        "asia_irkutsk": "{{value}} Irkutsk (RTZ 7)",
        "asia_jerusalem": "{{value}} Jerusalem",
        "asia_kabul": "{{value}} Kabul",
        "asia_kamchatka": "{{value}} Anadyr, Petropavlovsk-Kamchatsky (RTZ 11)",
        "asia_kathmandu": "{{value}} Katmandu",
        "asia_kolkata": "{{value}} Chennai, Kolkata, Mumbai, Neu-Delhi",
        "asia_krasnoyarsk": "{{value}} Krasnojarsk (RTZ 6)",
        "asia_kuwait": "{{value}} Kuwait, Riyadh",
        "asia_magadan": "{{value}} Magadan",
        "asia_muscat": "{{value}} Abu Dhabi, Muscat",
        "asia_pyongyang": "{{value}} Pjöngjang",
        "asia_seoul": "{{value}} Korea",
        "asia_tbilisi": "{{value}} Tiflis",
        "asia_tehran": "{{value}} Teheran",
        "asia_yangon": "{{value}} Yangon",
        "asia_yekaterinburg": "{{value}} Jekaterinburg (RTZ 4)",
        "atlantic_south_georgia": "{{value}} Mittelatlantik",
        "australia_darwin": "{{value}} Darwin",
        "australia_eucla": "{{value}} Eucla",
        "etc_gmt+12": "{{value}} Datumsgrenze",
        "europe_athens": "{{value}} Athen, Beirut, Bukarest, Istanbul",
        "europe_belgrade": "{{value}} Belgrad, Bratislava, Budapest, Ljubljana, Prag",
        "europe_berlin": "{{value}} Amsterdam, Berlin, Bern, Rom, Stockholm, Wien",
        "europe_brussels": "{{value}} Brüssel, Kopenhagen, Madrid, Paris",
        "europe_helsinki": "{{value}} Helsinki, Kiew, Riga, Sofia, Tallinn, Vilnius",
        "europe_istanbul": "{{value}} Istanbul",
        "europe_kaliningrad": "{{value}} Kaliningrad (RTZ 1)",
        "europe_london": "{{value}} Großbritannien, Irland, Portugal",
        "europe_minsk": "{{value}} Minsk",
        "europe_moscow": "{{value}} Moskau, St. Petersburg, Wolgograd (RTZ 2)",
        "europe_warsaw": "{{value}} Sarajevo, Skopje, Warschau, Zagreb",
        "indian_mauritius": "{{value}} Port Louis",
        "pacific_apia": "{{value}} Samoa",
        "pacific_honolulu": "{{value}} Hawaii",
        "pacific_midway": "{{value}} Samoa",
        "pacific_tongatapu": "{{value}} Nuku'alofa",
        "utc": "{{value}} Koordinierte Weltzeit",
        "africa_juba": "{{value}} Juba",
        "africa_khartoum": "{{value}} Khartoum",
        "africa_sao_tome": "{{value}} Sao Tome",
        "africa_tripoli": "{{value}} Tripoli",
        "america_adak": "{{value}} Adak",
        "america_araguaina": "{{value}} Araguaina",
        "america_bahia": "{{value}} Salvador",
        "america_cancun": "{{value}} Cancun, Chetumal",
        "america_fort_nelson": "{{value}} Fort Nelson",
        "america_grand_turk": "{{value}} Turks- und Caicosinseln",
        "america_havana": "{{value}} Havanna",
        "america_miquelon": "{{value}} Miquelon",
        "america_port-au-prince": "{{value}} Port-au-Prince",
        "america_punta_arenas": "{{value}} Punta_Arenas",
        "america_whitehorse": "{{value}} Yukon",
        "asia_almaty": "{{value}} Astana",
        "asia_barnaul": "{{value}} Barnaul",
        "asia_gaza": "{{value}} Gaza",
        "asia_hovd": "{{value}} Hovd",
        "asia_karachi": "{{value}} Islamabad, Karachi",
        "asia_kuala_lumpur": "{{value}} Kuala Lumpur",
        "asia_novosibirsk": "{{value}} Novosibirsk (RTZ 5)",
        "asia_omsk": "{{value}} Omsk",
        "asia_qyzylorda": "{{value}} Qyzylorda",
        "asia_sakhalin": "{{value}} Sakhalin",
        "asia_singapore": "{{value}} Singapur",
        "asia_srednekolymsk": "{{value}} Chokurdakh (RTZ 10)",
        "asia_taipei": "{{value}} Taipeh",
        "asia_tashkent": "{{value}} Tashkent",
        "asia_tokyo": "{{value}} Japan",
        "asia_tomsk": "{{value}} Tomsk",
        "asia_ulaanbaatar": "{{value}} Ulaanbaatar",
        "asia_vladivostok": "{{value}} Vladivostok, Magadan (RTZ 9)",
        "asia_yakutsk": "{{value}} Yakutsk (RTZ 8)",
        "australia_adelaide": "{{value}} Adelaide",
        "australia_brisbane": "{{value}} Brisbane",
        "australia_hobart": "{{value}} Hobart",
        "australia_lord_howe": "{{value}} Lord_Howe",
        "australia_perth": "{{value}} Perth",
        "australia_sydney": "{{value}} Canberra, Melbourne, Sydney",
        "europe_astrakhan": "{{value}} Astrakhan",
        "europe_bucharest": "{{value}} Bukarest",
        "europe_chisinau": "{{value}} Chisinau",
        "europe_samara": "{{value}} Izhevsk, Samara (RTZ 3)",
        "europe_saratov": "{{value}} Saratov",
        "europe_volgograd": "{{value}} Wolgograd",
        "pacific_auckland": "{{value}} Neuseeland",
        "pacific_bougainville": "{{value}} Bougainville Standardzeit",
        "pacific_chatham": "{{value}} Chatham",
        "pacific_easter": "{{value}} Osterinsel",
        "pacific_fiji": "{{value}} Fiji",
        "pacific_guadalcanal": "{{value}} Solomoninseln/ Neukaledonien",
        "pacific_guam": "{{value}} Guam, Port Moresby",
        "pacific_kiritimati": "{{value}} Kiritimati Insel",
        "pacific_marquesas": "{{value}} Marquesas Inseln",
        "pacific_norfolk": "{{value}} Norfolk"
    },
    "buckets": {
        "connection": {
            "access_key": "Access Key",
            "notes": "Notizen"
        }
    },
    "core": {
        "subscription": {
            "hide": "Ausblenden",
            "status": "Status",
            "active": "Aktiv",
            "bundle": "Bundle",
            "company_name": "Firmenname",
            "customer": "Kunde",
            "email_buyer": "E-Mail Käufer",
            "emissionDate": "Abgabedatum",
            "features": "Andere Funktionalitäten",
            "less_info": "Weniger Informationen",
            "more_info": "Mehr Informationen",
            "renew": "Erneuern",
            "subscription_Accounts": "Abonnement Konten",
            "subscription_last_check": "Abonnement Letzte Überprüfung",
            "subscription_type": "Abonnement Art",
            "token": "Token",
            "version": "Zextras Version"
        }
    },
    "message": {
        "snackbar": {
            "share": {
                "accepted": "Sie haben den Antrag auf Freigabe angenommen"
            }
        }
    }
}
