{
    "buckets": {
        "connection": {
            "access_key": "Clé d’accès",
            "notes": "Notes"
        }
    },
    "core": {
        "subscription": {
            "active": "Actif",
            "bundle": "Paquet",
            "company_name": "Nom de l'entreprise",
            "customer": "Client",
            "email_buyer": "Acheteur d'email",
            "emissionDate": "Date d'émission",
            "features": "Autres fonctionnalités",
            "hide": "Cacher",
            "less_info": "Moins d'information",
            "more_info": "Plus d'information",
            "renew": "Renouveler",
            "status": "Status",
            "subscription_Accounts": "Souscription aux comptes",
            "subscription_last_check": "Dernière vérification de souscription",
            "subscription_type": "Type de souscription",
            "token": "Token",
            "version": "Zextras version"
        }
    },
    "label": {
        "days": "Jours",
        "delete": "Effacer",
        "external": "Externe",
        "hours": "Heures",
        "mb": "MB",
        "minutes": "Minutes",
        "name": "Nom",
        "not_set": "Non paramétré",
        "note": "Note",
        "notification": "Notification",
        "of": "de",
        "page ": "Vous avez accepté la demande de partage",
        "page_": "Vous avez accepté la demande de partage",
        "privacy": "Vie privée",
        "remove": "Supprimer",
        "save": "Sauvegarder",
        "signature_required": "Les informations relatives à la signature sont requises.",
        "snackbar": {
            "share": {
                "accepted": "Vous avez accepté la demande de partage"
            }
        },
        "status": "Status",
        "account": "Compte",
        "accounts": "Comptes",
        "active": "Actif",
        "add": "Ajouter",
        "app_clicked": "Vous avez accepté la demande de partage",
        "app_name": "Gérer",
        "available_space": "Espace disponible",
        "backup": "Backup",
        "cancel": "Annuler",
        "configuration": "Configuration",
        "core": "Core",
        "description": "Description",
        "discard_changes": "ANNULER LES MODIFICATIONS",
        "suspended": "Suspendu",
        "timezone": "Fuseau horaire",
        "unlimited": "Illimité",
        "url": "URL"
    },
    "message": {
        "snackbar": {
            "share": {
                "accepted": "Vous avez accepté la demande de partage"
            }
        }
    },
    "timezone": {
        "africa_algiers": "{{value}} Afrique du Centre-Ouest",
        "africa_cairo": "{{value}} Egypte",
        "africa_casablanca": "{{value}} Casablanca",
        "africa_harare": "{{value}} Harare, Pretorija",
        "africa_juba": "{{value}} Juba",
        "africa_khartoum": "{{value}} Khartoum",
        "africa_monrovia": "{{value}} Monrovia",
        "america_fort_nelson": "{{value}} Fort Nelson",
        "america_grand_turk": "{{value}} Îles Turks et Caicos",
        "america_guatemala": "{{value}} Amérique centrale",
        "america_guyana": "{{value}} Georgetown, La Paz, Manaus, San Juan",
        "america_halifax": "{{value}} Heure de l'Atlantique (Canada)",
        "america_st_johns": "{{value}} Terre-Neuve",
        "america_tijuana": "{{value}} Basse-Californie",
        "america_whitehorse": "{{value}} Yukon",
        "asia_almaty": "{{value}} Astana",
        "asia_amman": "{{value}} Jordanie",
        "asia_baghdad": "{{value}} Iraq",
        "asia_baku": "{{value}} Bakou",
        "asia_bangkok": "{{value}} Bangkok, Hanoï, Jakarta",
        "asia_barnaul": "{{value}} Barnaul",
        "asia_beirut": "{{value}} Beyrouth",
        "asia_chita": "{{value}} Tchita",
        "asia_colombo": "{{value}} Sri Jayawardenepura Kotte",
        "europe_astrakhan": "{{value}} Astrakhan",
        "europe_athens": "{{value}} Athènes, Beyrouth, Bucarest, Istanbul",
        "europe_belgrade": "{{value}} Belgrade, Bratislava, Budapest, Ljubljana, Prague",
        "europe_bucharest": "{{value}} Bucharest",
        "africa_nairobi": "{{value}} Nairobi",
        "africa_sao_tome": "{{value}} Sao Tome",
        "africa_tripoli": "{{value}} Tripoli",
        "africa_windhoek": "{{value}} Namibie",
        "america_adak": "{{value}} Adak",
        "america_anchorage": "{{value}} Alaska",
        "america_araguaina": "{{value}} Araguaina",
        "america_argentina_buenos_aires": "{{value}} Argentine",
        "america_asuncion": "{{value}} Asuncion",
        "america_bahia": "{{value}} Salvador",
        "america_bogota": "{{value}} Colombie",
        "america_cancun": "{{value}} Cancun, Chetumal",
        "america_caracas": "{{value}} Caracas",
        "america_cayenne": "{{value}} Cayenne, Fortaleza",
        "america_chicago": "{{value}} US/Canada Central",
        "america_chihuahua": "{{value}} Chihuahua, La Paz, Mazatlan",
        "america_cuiaba": "{{value}} Cuiaba",
        "america_denver": "{{value}} États-Unis/Montagnes Canadiennes",
        "america_havana": "{{value}} La Havane",
        "america_indiana_indianapolis": "{{value}} Indiana (East)",
        "america_los_angeles": "{{value}} États-Unis/Canada Pacifique",
        "america_mexico_city": "{{value}} Guadalajara, Mexico, Monterrey",
        "america_miquelon": "{{value}} Miquelon",
        "america_montevideo": "{{value}} Montevideo",
        "america_new_york": "{{value}} États-Unis/Canada Est",
        "america_phoenix": "{{value}} Arizona",
        "america_port-au-prince": "{{value}} Port-au-Prince",
        "america_punta_arenas": "{{value}} Punta_Arenas",
        "america_regina": "{{value}} Saskatchewan",
        "america_santiago": "{{value}} Pacifique Amérique du Sud",
        "america_sao_paulo": "{{value}} Brésil",
        "asia_damascus": "{{value}} Damas",
        "asia_dhaka": "{{value}} Dacca",
        "asia_gaza": "{{value}} Gaza",
        "asia_hong_kong": "{{value}} Pékin, Chongqing, Hong Kong, Urumqi",
        "asia_hovd": "{{value}} Hovd",
        "asia_irkutsk": "{{value}} Irkutsk (RTZ 7)",
        "asia_jerusalem": "{{value}} Jerusalem",
        "asia_kabul": "{{value}} Kabul",
        "asia_kamchatka": "{{value}} Anadyr, Petropavlovsk-Kamchatsky (RTZ 11)",
        "asia_karachi": "{{value}} Islamabad, Karachi",
        "asia_kathmandu": "{{value}} Katmandou",
        "asia_kolkata": "{{value}} Chennai, Calcutta, Bombay, New Delhi",
        "asia_krasnoyarsk": "{{value}} Krasnoïarsk (RTZ 6)",
        "asia_kuala_lumpur": "{{value}} Kuala Lumpur",
        "asia_kuwait": "{{value}} Koweït, Riyad",
        "asia_magadan": "{{value}} Magadan",
        "asia_muscat": "{{value}} Abu Dhabi, Muscat",
        "asia_novosibirsk": "{{value}} Novosibirsk (RTZ 5)",
        "asia_omsk": "{{value}} Omsk",
        "asia_pyongyang": "{{value}} Pjongjang",
        "asia_qyzylorda": "{{value}} Qyzylorda",
        "asia_sakhalin": "{{value}} Sakhalin",
        "asia_seoul": "{{value}} Corée",
        "asia_singapore": "{{value}} Singapore",
        "asia_srednekolymsk": "{{value}} Chokurdakh (RTZ 10)",
        "asia_taipei": "{{value}} Taipei",
        "asia_tashkent": "{{value}} Tashkent",
        "asia_tbilisi": "{{value}} Tbilissi",
        "asia_tehran": "{{value}} Téhéran",
        "asia_tokyo": "{{value}} Japon",
        "asia_tomsk": "{{value}} Tomsk",
        "asia_ulaanbaatar": "{{value}} Ulaanbaatar",
        "asia_vladivostok": "{{value}} Vladivostok, Magadan (RTZ 9)",
        "asia_yakutsk": "{{value}} Yakutsk (RTZ 8)",
        "asia_yangon": "{{value}} Rangoun",
        "asia_yekaterinburg": "{{value}} Ekaterinbourg (RTZ 4)",
        "asia_yerevan": "{{value}} Erevan",
        "atlantic_azores": "{{value}} Açores",
        "atlantic_cape_verde": "{{value}} Cap-Vert Est.",
        "atlantic_south_georgia": "{{value}} Mid-Atlantique",
        "australia_adelaide": "{{value}} Adelaide",
        "australia_brisbane": "{{value}} Brisbane",
        "australia_darwin": "{{value}} Darwin",
        "australia_eucla": "{{value}} Eucla",
        "australia_hobart": "{{value}} Hobart",
        "australia_lord_howe": "{{value}} Lord_Howe",
        "australia_perth": "{{value}} Perth",
        "australia_sydney": "{{value}} Canberra, Melbourne, Sydney",
        "etc_gmt+12": "{{value}} Ligne de date",
        "europe_berlin": "{{value}} Amsterdam, Berlin, Berne, Rome, Stockholm, Vienne",
        "europe_brussels": "{{value}} Bruxelles, Copenhague, Madrid, Paris",
        "europe_chisinau": "{{value}} Chisinau",
        "europe_helsinki": "{{value}} Helsinki, Kiev, Riga, Sofia, Tallinn, Vilnius",
        "europe_istanbul": "{{value}} Istanbul",
        "europe_kaliningrad": "{{value}} Kaliningrad (RTZ 1)",
        "europe_london": "{{value}} Grande-Bretagne, Irlande, Portugal",
        "europe_minsk": "{{value}} Minsk",
        "europe_moscow": "{{value}} Moscou, Saint-Pétersbourg, Volgograd (RTZ 2)",
        "europe_samara": "{{value}} Izhevsk, Samara (RTZ 3)",
        "europe_saratov": "{{value}} Saratov",
        "europe_volgograd": "{{value}} Volgograd",
        "europe_warsaw": "{{value}} Sarajevo, Skopje, Varsovie, Zagreb",
        "indian_mauritius": "{{value}} Port Louis",
        "pacific_apia": "{{value}} Samoa",
        "pacific_auckland": "{{value}} New Zealand",
        "pacific_bougainville": "{{value}} Bougainville Standard Time",
        "pacific_chatham": "{{value}} Chatham",
        "pacific_easter": "{{value}} Pâques",
        "pacific_fiji": "{{value}} Fiji",
        "pacific_guadalcanal": "{{value}} île Salomon / Nouvelle Calédonie",
        "pacific_guam": "{{value}} Guam, Port Moresby",
        "pacific_honolulu": "{{value}} Hawaii",
        "pacific_kiritimati": "{{value}} Île Kiritimati",
        "pacific_marquesas": "{{value}} Îles Marquises",
        "pacific_midway": "{{value}} Samoa",
        "pacific_norfolk": "{{value}} Norfolk",
        "pacific_tongatapu": "{{value}} Nuku’alofa",
        "utc": "{{value}} Temps universel coordonné"
    },
    "domain": {
        "advanced": "Avancé",
        "free_busy": "Libre/Occupé",
        "general_settings": "Paramètres généraux",
        "theme": "Thème"
    }
}
